session_id,persona_id,field_id,turn,intent,extracted_value,reported_confidence,confidence,grounded,ambiguous,validation_status,validation_reason,normalized_value,readback_value,confirmed,confirmation_basis,committed,committed_value,extraction_ms,proposal_correct
78703e19aeb545f6a3e8639bfbba3d51,p02,full_name,0,value,Lakshmi Devi Nair,0.94,0.94,True,False,pass,,Lakshmi Devi Nair,Lakshmi Devi Nair,True,whole utterance matched '^(yes )?(that|thats|that is|this|this is|it|it is|its) (is )?(correct|right)$',True,Lakshmi Devi Nair,0.067,True
78703e19aeb545f6a3e8639bfbba3d51,p02,father_name,0,value,Krishnan Nair,0.94,0.94,True,False,pass,,Krishnan Nair,Krishnan Nair,True,whole utterance matched '^(yes )?(that|thats|that is|this|this is|it|it is|its) (is )?(correct|right)$',True,Krishnan Nair,0.069,True
78703e19aeb545f6a3e8639bfbba3d51,p02,dob,0,value,1994-11-02,0.94,0.94,True,False,pass,,1994-11-02,1994-11-02,True,whole utterance matched '^(yes )?(that|thats|that is|this|this is|it|it is|its) (is )?(correct|right)$',True,1994-11-02,0.064,True
78703e19aeb545f6a3e8639bfbba3d51,p02,gender,0,value,Female,0.94,0.94,True,False,pass,,Female,Female,True,whole utterance matched '^(yes )?(that|thats|that is|this|this is|it|it is|its) (is )?(correct|right)$',True,Female,0.059,True
78703e19aeb545f6a3e8639bfbba3d51,p02,pan,0,value,BFTPN82O6C,0.88,0.88,True,False,reject,format,,,,,False,,0.049,False
78703e19aeb545f6a3e8639bfbba3d51,p02,pan,1,value,BFTPN8206C,0.94,0.94,True,False,pass,,BFTPN8206C,BFTPN8206C,True,whole utterance matched '^(yes )?(that|thats|that is|this|this is|it|it is|its) (is )?(correct|right)$',True,BFTPN8206C,0.059,True
78703e19aeb545f6a3e8639bfbba3d51,p02,aadhaar,0,value,544211033660,0.94,0.94,True,False,pass,,544211033660,544211033660,True,whole utterance matched '^(yes )?(that|thats|that is|this|this is|it|it is|its) (is )?(correct|right)$',True,544211033660,0.057,True
78703e19aeb545f6a3e8639bfbba3d51,p02,address_line,0,value,"7B Marine Drive, Ernakulam",0.94,0.94,True,False,pass,,"7B Marine Drive, Ernakulam","7B Marine Drive, Ernakulam",True,whole utterance matched '^(yes )?(that|thats|that is|this|this is|it|it is|its) (is )?(correct|right)$',True,"7B Marine Drive, Ernakulam",0.063,True
78703e19aeb545f6a3e8639bfbba3d51,p02,city,0,value,Kolhapur,0.71,0.71,True,False,pass,,Kolhapur,Kolhapur,False,contains a negation or correction cue,False,,0.06,False
78703e19aeb545f6a3e8639bfbba3d51,p02,city,1,value,Kochi,0.94,0.94,True,False,pass,,Kochi,Kochi,True,whole utterance matched '^(yes )?(that|thats|that is|this|this is|it|it is|its) (is )?(correct|right)$',True,Kochi,0.062,True
78703e19aeb545f6a3e8639bfbba3d51,p02,state,0,value,Kerala,0.94,0.94,True,False,pass,,Kerala,Kerala,True,whole utterance matched '^(yes )?(that|thats|that is|this|this is|it|it is|its) (is )?(correct|right)$',True,Kerala,0.062,True
78703e19aeb545f6a3e8639bfbba3d51,p02,pin,0,value,682016,0.94,0.94,True,False,pass,,682016,682016,True,whole utterance matched '^(yes )?(that|thats|that is|this|this is|it|it is|its) (is )?(correct|right)$',True,682016,0.068,True
78703e19aeb545f6a3e8639bfbba3d51,p02,mobile,0,value,7736540912,0.94,0.94,True,False,pass,,7736540912,7736540912,True,whole utterance matched '^(yes )?(that|thats|that is|this|this is|it|it is|its) (is )?(correct|right)$',True,7736540912,0.063,True
78703e19aeb545f6a3e8639bfbba3d51,p02,email,0,value,l.nair@example.invalid,0.94,0.94,True,False,pass,,l.nair@example.invalid,l.nair@example.invalid,True,whole utterance matched '^(yes )?(that|thats|that is|this|this is|it|it is|its) (is )?(correct|right)$',True,l.nair@example.invalid,0.06,True
78703e19aeb545f6a3e8639bfbba3d51,p02,occupation,0,value,Salaried,0.94,0.94,True,False,pass,,Salaried,Salaried,True,whole utterance matched '^(yes )?(that|thats|that is|this|this is|it|it is|its) (is )?(correct|right)$',True,Salaried,0.071,True
78703e19aeb545f6a3e8639bfbba3d51,p02,income_band,0,value,10-25 Lakh,0.94,0.94,True,False,pass,,10-25 Lakh,10-25 Lakh,True,whole utterance matched '^(yes )?(that|thats|that is|this|this is|it|it is|its) (is )?(correct|right)$',True,10-25 Lakh,0.077,True
afc7b62fa8174380bdd6e2ac8decf84b,p01,full_name,0,value,Ramesh Kumar Sharma,0.94,0.94,True,False,pass,,Ramesh Kumar Sharma,Ramesh Kumar Sharma,True,whole utterance matched '^(yes )?(that|thats|that is|this|this is|it|it is|its) (is )?(correct|right)$',True,Ramesh Kumar Sharma,0.169,True
afc7b62fa8174380bdd6e2ac8decf84b,p01,father_name,0,value,Suresh Kumar Sharma,0.94,0.94,True,False,pass,,Suresh Kumar Sharma,Suresh Kumar Sharma,True,whole utterance matched '^(yes )?(that|thats|that is|this|this is|it|it is|its) (is )?(correct|right)$',True,Suresh Kumar Sharma,0.073,True
afc7b62fa8174380bdd6e2ac8decf84b,p01,dob,0,value,1987-03-14,0.94,0.94,True,False,pass,,1987-03-14,1987-03-14,True,whole utterance matched '^(yes )?(that|thats|that is|this|this is|it|it is|its) (is )?(correct|right)$',True,1987-03-14,0.074,True
afc7b62fa8174380bdd6e2ac8decf84b,p01,gender,0,value,Male,0.94,0.94,True,False,pass,,Male,Male,True,whole utterance matched '^(yes )?(that|thats|that is|this|this is|it|it is|its) (is )?(correct|right)$',True,Male,0.092,True
afc7b62fa8174380bdd6e2ac8decf84b,p01,pan,0,value,AKQPS3417M,0.94,0.94,True,False,pass,,AKQPS3417M,AKQPS3417M,True,whole utterance matched '^(yes )?(that|thats|that is|this|this is|it|it is|its) (is )?(correct|right)$',True,AKQPS3417M,0.055,True
afc7b62fa8174380bdd6e2ac8decf84b,p01,aadhaar,0,value,747910984992,0.94,0.94,True,False,pass,,747910984992,747910984992,True,whole utterance matched '^(yes )?(that|thats|that is|this|this is|it|it is|its) (is )?(correct|right)$',True,747910984992,0.066,True
afc7b62fa8174380bdd6e2ac8decf84b,p01,address_line,0,value,"42 Nehru Marg, Bapu Nagar",0.94,0.94,True,False,pass,,"42 Nehru Marg, Bapu Nagar","42 Nehru Marg, Bapu Nagar",True,whole utterance matched '^(yes )?(that|thats|that is|this|this is|it|it is|its) (is )?(correct|right)$',True,"42 Nehru Marg, Bapu Nagar",0.072,True
afc7b62fa8174380bdd6e2ac8decf84b,p01,city,0,value,Jaipur,0.94,0.94,True,False,pass,,Jaipur,Jaipur,True,whole utterance matched '^(yes )?(that|thats|that is|this|this is|it|it is|its) (is )?(correct|right)$',True,Jaipur,0.064,True
afc7b62fa8174380bdd6e2ac8decf84b,p01,state,0,value,Rajasthan,0.94,0.94,True,False,pass,,Rajasthan,Rajasthan,True,whole utterance matched '^(yes )?(that|thats|that is|this|this is|it|it is|its) (is )?(correct|right)$',True,Rajasthan,0.074,True
afc7b62fa8174380bdd6e2ac8decf84b,p01,pin,0,value,302015,0.94,0.94,True,False,pass,,302015,302015,True,whole utterance matched '^(yes )?(that|thats|that is|this|this is|it|it is|its) (is )?(correct|right)$',True,302015,0.061,True
afc7b62fa8174380bdd6e2ac8decf84b,p01,mobile,0,value,9812345607,0.94,0.94,True,False,pass,,9812345607,9812345607,True,whole utterance matched '^(yes )?(that|thats|that is|this|this is|it|it is|its) (is )?(correct|right)$',True,9812345607,0.064,True
afc7b62fa8174380bdd6e2ac8decf84b,p01,email,0,value,ramesh.sharma@example.invalid,0.94,0.94,True,False,pass,,ramesh.sharma@example.invalid,ramesh.sharma@example.invalid,True,whole utterance matched '^(yes )?(that|thats|that is|this|this is|it|it is|its) (is )?(correct|right)$',True,ramesh.sharma@example.invalid,0.065,True
afc7b62fa8174380bdd6e2ac8decf84b,p01,occupation,0,value,shop owner,0.5,0.5,True,False,reject,enum,,,,,False,,0.054,False
afc7b62fa8174380bdd6e2ac8decf84b,p01,occupation,1,value,Business,0.94,0.94,True,False,pass,,Business,Business,True,whole utterance matched '^(yes )?(that|thats|that is|this|this is|it|it is|its) (is )?(correct|right)$',True,Business,0.062,True
afc7b62fa8174380bdd6e2ac8decf84b,p01,income_band,0,value,7 lakh,0.5,0.5,True,False,reject,enum,,,,,False,,0.07,False
afc7b62fa8174380bdd6e2ac8decf84b,p01,income_band,1,value,5-10 Lakh,0.94,0.94,True,False,pass,,5-10 Lakh,5-10 Lakh,True,whole utterance matched '^(yes )?(that|thats|that is|this|this is|it|it is|its) (is )?(correct|right)$',True,5-10 Lakh,0.056,True
d2c9e2b47bba4b4a9ebf7c542078b1cb,p03,full_name,0,value,Abdul Rahim Khan,0.94,0.94,True,False,pass,,Abdul Rahim Khan,Abdul Rahim Khan,True,whole utterance matched '^haan sahi hai$',True,Abdul Rahim Khan,0.077,True
d2c9e2b47bba4b4a9ebf7c542078b1cb,p03,father_name,0,value,Mohammad Yusuf Khan,0.94,0.94,True,False,pass,,Mohammad Yusuf Khan,Mohammad Yusuf Khan,True,whole utterance matched '^haan sahi hai$',True,Mohammad Yusuf Khan,0.065,True
d2c9e2b47bba4b4a9ebf7c542078b1cb,p03,dob,0,value,1979-06-21,0.94,0.94,True,False,pass,,1979-06-21,1979-06-21,True,whole utterance matched '^haan sahi hai$',True,1979-06-21,0.063,True
d2c9e2b47bba4b4a9ebf7c542078b1cb,p03,gender,0,value,Male,0.94,0.94,True,False,pass,,Male,Male,True,whole utterance matched '^haan sahi hai$',True,Male,0.053,True
d2c9e2b47bba4b4a9ebf7c542078b1cb,p03,pan,0,question,,0.0,0.0,True,False,,,,,,,False,,0.044,
d2c9e2b47bba4b4a9ebf7c542078b1cb,p03,pan,1,value,CJMPK1953R,0.94,0.94,True,False,pass,,CJMPK1953R,CJMPK1953R,True,whole utterance matched '^haan sahi hai$',True,CJMPK1953R,0.054,True
d2c9e2b47bba4b4a9ebf7c542078b1cb,p03,aadhaar,0,value,771740876250,0.94,0.94,True,False,pass,,771740876250,771740876250,True,whole utterance matched '^haan sahi hai$',True,771740876250,0.079,True
d2c9e2b47bba4b4a9ebf7c542078b1cb,p03,address_line,0,value,"15 Hazratganj, Near Post Office",0.94,0.94,True,False,pass,,"15 Hazratganj, Near Post Office","15 Hazratganj, Near Post Office",True,whole utterance matched '^haan sahi hai$',True,"15 Hazratganj, Near Post Office",0.071,True
d2c9e2b47bba4b4a9ebf7c542078b1cb,p03,city,0,value,Lucknow,0.94,0.94,True,False,pass,,Lucknow,Lucknow,True,whole utterance matched '^haan sahi hai$',True,Lucknow,0.062,True
d2c9e2b47bba4b4a9ebf7c542078b1cb,p03,state,0,value,Uttar Pradesh,0.94,0.94,True,False,pass,,Uttar Pradesh,Uttar Pradesh,True,whole utterance matched '^haan sahi hai$',True,Uttar Pradesh,0.058,True
d2c9e2b47bba4b4a9ebf7c542078b1cb,p03,pin,0,value,226001,0.94,0.94,True,False,pass,,226001,226001,True,whole utterance matched '^haan sahi hai$',True,226001,0.06,True
d2c9e2b47bba4b4a9ebf7c542078b1cb,p03,mobile,0,value,8299170453,0.94,0.94,True,False,pass,,8299170453,8299170453,True,whole utterance matched '^haan sahi hai$',True,8299170453,0.066,True
d2c9e2b47bba4b4a9ebf7c542078b1cb,p03,email,0,decline,,0.0,0.0,True,False,,,,,,,False,,0.045,
d2c9e2b47bba4b4a9ebf7c542078b1cb,p03,occupation,0,value,apna kaam,0.4,0.4,True,False,reject,enum,,,,,False,,0.069,False
d2c9e2b47bba4b4a9ebf7c542078b1cb,p03,occupation,1,value,Self-employed,0.94,0.94,True,False,pass,,Self-employed,Self-employed,True,whole utterance matched '^haan sahi hai$',True,Self-employed,0.051,True
d2c9e2b47bba4b4a9ebf7c542078b1cb,p03,income_band,0,value,teen lakh,0.45,0.45,True,False,reject,enum,,,,,False,,0.076,False
d2c9e2b47bba4b4a9ebf7c542078b1cb,p03,income_band,1,value,1-5 Lakh,0.94,0.94,True,False,pass,,1-5 Lakh,1-5 Lakh,True,whole utterance matched '^haan sahi hai$',True,1-5 Lakh,0.066,True
